id,created_at,genero,edad,estado_civil,educacion,estado_votante,tema_importante_eleccion,prioridad_candidato,frecuencia_voto,cargo,postura_economica,postura_sobre_seguridad,prioridad_politica,fuente_informacion,experiencia_candidato,tendencia_ideológica,entidad_candidato,partido
1,2025-11-13T12:33:19.851770,Femenino,60+ (votantes experimentados de larga trayectoria),Unión libre,Posgrado,Primera vez que voto,Medio ambiente y sustentabilidad,Carisma y liderazgo,"Nunca he votado, soy nuevo votante",PRESIDENCIA DE LA REPÚBLICA,Fomento al emprendimiento privado y nuevas empresas,Reformas profundas al sistema de justicia,Igualdad de género y derechos humanos,Debates o foros políticos en línea,He participado en campañas o debates políticos,Liberal (libertades individuales y económicas),Quintana Roo,PARTIDO VERDE ECOLOGISTA DE MÉXICO
2,2025-11-13T12:33:19.851794,Otro / Prefiero no decirlo,26–35 (adultos jóvenes con interés político),Divorciado(a),Preparatoria / Bachillerato,Votante experimentado en elecciones federales,Salud y bienestar,Empatía con la ciudadanía,"Nunca he votado, soy nuevo votante",PRESIDENCIA DE LA REPÚBLICA,Reducción de impuestos para incentivar inversión,Más tecnología y vigilancia inteligente,Igualdad de género y derechos humanos,Periódicos digitales y portales de noticias,No tengo mucho conocimiento político,Liberal (libertades individuales y económicas),Tabasco,PARTIDO VERDE ECOLOGISTA DE MÉXICO
3,2025-11-13T12:33:19.851800,Otro / Prefiero no decirlo,26–35 (adultos jóvenes con interés político),Soltero(a),Secundaria,Votante frecuente en elecciones locales,Corrupción y transparencia gubernamental,Empatía con la ciudadanía,"Siempre voto, soy un votante experimentado y activo",PRESIDENCIA DE LA REPÚBLICA,Mayor gasto social y apoyo a programas públicos,Reformas profundas al sistema de justicia,Igualdad de género y derechos humanos,Periódicos digitales y portales de noticias,He participado en campañas o debates políticos,Conservadora (valores tradicionales),Colima,PARTIDO VERDE ECOLOGISTA DE MÉXICO
4,2025-11-13T12:33:19.851805,Otro / Prefiero no decirlo,46–60 (seguimiento político frecuente),Unión libre,Universidad,Votante experimentado en elecciones federales,Corrupción y transparencia gubernamental,Experiencia política sólida,"He votado pocas veces, tengo poca experiencia",PRESIDENCIA DE LA REPÚBLICA,Reducción de impuestos para incentivar inversión,Prevención y educación en comunidades,Salud pública y servicios médicos,Amigos y familia,Sigo noticias políticas con frecuencia,Liberal (libertades individuales y económicas),Nayarit,PARTIDO VERDE ECOLOGISTA DE MÉXICO
5,2025-11-13T12:33:19.851810,Masculino,60+ (votantes experimentados de larga trayectoria),Divorciado(a),Secundaria,Votante experimentado en elecciones federales,Seguridad y justicia,Honestidad ante todo,"Casi siempre voto, estoy bastante involucrado",PRESIDENCIA DE LA REPÚBLICA,Fomento al emprendimiento privado y nuevas empresas,Reformas profundas al sistema de justicia,Igualdad de género y derechos humanos,Periódicos digitales y portales de noticias,He participado en campañas o debates políticos,Conservadora (valores tradicionales),Baja California Sur,PARTIDO VERDE ECOLOGISTA DE MÉXICO
6,2025-11-13T12:33:19.851815,Femenino,60+ (votantes experimentados de larga trayectoria),Casado(a),Preparatoria / Bachillerato,Nunca he votado pero estoy interesado,Corrupción y transparencia gubernamental,Experiencia política sólida,"Casi siempre voto, estoy bastante involucrado",PRESIDENCIA DE LA REPÚBLICA,Mayor gasto social y apoyo a programas públicos,Reformas profundas al sistema de justicia,Igualdad de género y derechos humanos,Debates o foros políticos en línea,No tengo mucho conocimiento político,Progresista (enfocado en cambio social),Baja California Sur,PARTIDO VERDE ECOLOGISTA DE MÉXICO
7,2025-11-13T12:33:19.851819,Otro / Prefiero no decirlo,36–45 (votantes activos con experiencia),Viudo(a),Posgrado,He votado pocas veces,Economía y empleo,Carisma y liderazgo,"Voto a veces, tengo interés moderado",PRESIDENCIA DE LA REPÚBLICA,Mayor gasto social y apoyo a programas públicos,Prevención y educación en comunidades,Igualdad de género y derechos humanos,Debates o foros políticos en línea,No tengo mucho conocimiento político,Conservadora (valores tradicionales),Aguascalientes,PARTIDO VERDE ECOLOGISTA DE MÉXICO
8,2025-11-13T12:33:19.851824,Masculino,26–35 (adultos jóvenes con interés político),Casado(a),Secundaria,Primera vez que voto,Seguridad y justicia,Empatía con la ciudadanía,"He votado pocas veces, tengo poca experiencia",PRESIDENCIA DE LA REPÚBLICA,Fomento al emprendimiento privado y nuevas empresas,Mano dura contra la delincuencia,Cuidado del medio ambiente,Periódicos digitales y portales de noticias,Sigo noticias políticas con frecuencia,Progresista (enfocado en cambio social),Querétaro,PARTIDO VERDE ECOLOGISTA DE MÉXICO
9,2025-11-13T12:33:19.851829,Femenino,46–60 (seguimiento político frecuente),Unión libre,Universidad,Primera vez que voto,Seguridad y justicia,Empatía con la ciudadanía,"Casi siempre voto, estoy bastante involucrado",PRESIDENCIA DE LA REPÚBLICA,Regulación estatal estricta para controlar precios,Reformas profundas al sistema de justicia,Igualdad de género y derechos humanos,Amigos y familia,No tengo mucho conocimiento político,Progresista (enfocado en cambio social),Oaxaca,PARTIDO VERDE ECOLOGISTA DE MÉXICO
10,2025-11-13T12:33:19.851900,Masculino,18–25 (jóvenes votantes primerizos),Soltero(a),Preparatoria / Bachillerato,Primera vez que voto,Educación y desarrollo académico,Carisma y liderazgo,"Nunca he votado, soy nuevo votante",PRESIDENCIA DE LA REPÚBLICA,Fomento al emprendimiento privado y nuevas empresas,Mano dura contra la delincuencia,Salud pública y servicios médicos,Redes sociales (TikTok, Facebook, Instagram),No tengo mucho conocimiento político,Progresista (enfocado en cambio social),Nuevo León,PARTIDO ACCIÓN NACIONAL
11,2025-11-13T12:33:19.851905,Femenino,36–45 (votantes activos con experiencia),Casado(a),Universidad,Votante frecuente en elecciones locales,Economía y empleo,Honestidad ante todo,"Siempre voto, soy un votante experimentado y activo",PRESIDENCIA DE LA REPÚBLICA,Reducción de impuestos para incentivar inversión,Prevención y educación en comunidades,Protección a las mujeres y familias,Periódicos digitales y portales de noticias,Sigo noticias políticas con frecuencia,Moderada (centro político),Jalisco,PARTIDO REVOLUCIONARIO INSTITUCIONAL
12,2025-11-13T12:33:19.851910,Otro / Prefiero no decirlo,46–60 (seguimiento político frecuente),Separado(a),Secundaria,He votado pocas veces,Salud y bienestar,Empatía con la ciudadanía,"Voto a veces, tengo interés moderado",PRESIDENCIA DE LA REPÚBLICA,Mayor gasto social y apoyo a programas públicos,Reformas profundas al sistema de justicia,Igualdad de género y derechos humanos,Amigos y familia,No tengo mucho conocimiento político,Liberal (libertades individuales y económicas),Chiapas,MORENA
13,2025-11-13T12:33:19.851915,Masculino,26–35 (adultos jóvenes con interés político),Unión libre,Universidad,Votante experimentado en elecciones federales,Ciencia y tecnología,Experiencia política sólida,"Casi siempre voto, estoy bastante involucrado",PRESIDENCIA DE LA REPÚBLICA,Mayor inversión en ciencia y tecnología,Inteligencia policial y análisis de datos,Medio ambiente y sustentabilidad,Debates o foros políticos en línea,Sigo noticias políticas con frecuencia,Progresista (enfocado en cambio social),Coahuila,MOVIMIENTO CIUDADANO
14,2025-11-13T12:33:19.851920,Femenino,60+ (votantes experimentados de larga trayectoria),Viudo(a),Primaria,Votante experimentado en elecciones federales,Programas sociales,Honestidad ante todo,"Siempre voto, soy un votante experimentado y activo",PRESIDENCIA DE LA REPÚBLICA,Mayor gasto social y apoyo a programas públicos,Reformas profundas al sistema de justicia,Seguridad social y pensiones,Televisión abierta,He participado en campañas o debates políticos,Conservadora (valores tradicionales),Veracruz,MORENA
15,2025-11-13T12:33:19.851925,Masculino,46–60 (seguimiento político frecuente),Casado(a),Posgrado,Votante frecuente en elecciones locales,Seguridad y justicia,Carisma y liderazgo,"Casi siempre voto, estoy bastante involucrado",PRESIDENCIA DE LA REPÚBLICA,Fomento al emprendimiento privado y nuevas empresas,Mano dura contra la delincuencia,Infraestructura y transporte,Periódicos digitales y portales de noticias,Sigo noticias políticas con frecuencia,Conservadora (valores tradicionales),Sonora,PARTIDO ACCIÓN NACIONAL
16,2025-11-13T12:33:19.851930,Otro / Prefiero no decirlo,36–45 (votantes activos con experiencia),Soltero(a),Universidad,Nunca he votado pero estoy interesado,Medio ambiente y sustentabilidad,Carisma y liderazgo,"Nunca he votado, soy nuevo votante",PRESIDENCIA DE LA REPÚBLICA,Regulación estatal estricta para controlar precios,Prevención y educación en comunidades,Cuidado del medio ambiente,Redes sociales (TikTok, Facebook, Instagram),No tengo mucho conocimiento político,Progresista (enfocado en cambio social),Hidalgo,PARTIDO VERDE ECOLOGISTA DE MÉXICO
17,2025-11-13T12:33:19.851935,Femenino,18–25 (jóvenes votantes primerizos),Casado(a),Preparatoria / Bachillerato,Primera vez que voto,Equidad de género,Honestidad ante todo,"Nunca he votado, soy nuevo votante",PRESIDENCIA DE LA REPÚBLICA,Mayor gasto social y apoyo a programas públicos,Prevención y educación en comunidades,Igualdad de género y derechos humanos,Redes sociales (TikTok, Facebook, Instagram),No tengo mucho conocimiento político,Progresista (enfocado en cambio social),Sinaloa,MORENA
18,2025-11-13T12:33:19.851940,Masculino,26–35 (adultos jóvenes con interés político),Divorciado(a),Universidad,Votante experimentado en elecciones federales,Innovación tecnológica,Experiencia política sólida,"Casi siempre voto, estoy bastante involucrado",PRESIDENCIA DE LA REPÚBLICA,Reducción de impuestos para incentivar inversión,Más tecnología y vigilancia inteligente,Infraestructura y transporte,Debates o foros políticos en línea,Sigo noticias políticas con frecuencia,Liberal (libertades individuales y económicas),Puebla,MOVIMIENTO CIUDADANO
19,2025-11-13T12:33:19.851945,Femenino,60+ (votantes experimentados de larga trayectoria),Separado(a),Secundaria,He votado pocas veces,Seguridad y justicia,Empatía con la ciudadanía,"Voto a veces, tengo interés moderado",PRESIDENCIA DE LA REPÚBLICA,Mayor gasto social y apoyo a programas públicos,Mano dura contra la delincuencia,Protección a las mujeres y familias,Televisión abierta,No tengo mucho conocimiento político,Moderada (centro político),Tlaxcala,PARTIDO DEL TRABAJO
30,2025-11-13T12:33:19.852010,Masculino,26–35 (adultos jóvenes con interés político),Soltero(a),Universidad,He votado pocas veces,Innovación tecnológica,Experiencia política sólida,"Voto a veces, tengo interés moderado",PRESIDENCIA DE LA REPÚBLICA,Fomento al emprendimiento privado y nuevas empresas,Inteligencia policial y análisis de datos,Derechos digitales y privacidad,Redes sociales (TikTok, Facebook, Instagram),Sigo noticias políticas con frecuencia,Liberal (libertades individuales y económicas),Ciudad de México,PARTIDO DIGITAL MX
31,2025-11-13T12:33:19.852015,Femenino,18–25 (jóvenes votantes primerizos),Unión libre,Preparatoria / Bachillerato,Nunca he votado pero estoy interesado,Innovación tecnológica,Carisma y liderazgo,"Nunca he votado, soy nuevo votante",PRESIDENCIA DE LA REPÚBLICA,Mayor inversión en ciencia y tecnología,Más tecnología y vigilancia inteligente,Derechos digitales y privacidad,TikTok,No tengo mucho conocimiento político,Progresista (enfocado en cambio social),Jalisco,PARTIDO DIGITAL MX
32,2025-11-13T12:33:19.852020,Otro / Prefiero no decirlo,36–45 (votantes activos con experiencia),Casado(a),Posgrado,Votante frecuente en elecciones locales,Ciencia y tecnología,Experiencia política sólida,"Casi siempre voto, estoy bastante involucrado",PRESIDENCIA DE LA REPÚBLICA,Reducción de impuestos para incentivar inversión,Inteligencia policial y análisis de datos,Innovación tecnológica,Periódicos digitales y portales de noticias,Sigo noticias políticas con frecuencia,Liberal (libertades individuales y económicas),Nuevo León,PARTIDO DIGITAL MX
33,2025-11-13T12:33:19.852025,Masculino,46–60 (seguimiento político frecuente),Casado(a),Universidad,Votante experimentado en elecciones federales,Economía y empleo,Honestidad ante todo,"Siempre voto, soy un votante experimentado y activo",PRESIDENCIA DE LA REPÚBLICA,Fomento al emprendimiento privado y nuevas empresas,Mano dura contra la delincuencia,Infraestructura digital,Televisión abierta,He participado en campañas o debates políticos,Conservadora (valores tradicionales),Baja California Sur,PARTIDO DIGITAL MX
34,2025-11-13T12:33:19.852030,Femenino,60+ (votantes experimentados de larga trayectoria),Viudo(a),Primaria,Votante experimentado en elecciones federales,Seguridad y justicia,Carisma y liderazgo,"Siempre voto, soy un votante experimentado y activo",PRESIDENCIA DE LA REPÚBLICA,Regulación estatal estricta para controlar precios,Más tecnología y vigilancia inteligente,Protección a las mujeres y familias,Televisión abierta,He participado en campañas o debates políticos,Conservadora (valores tradicionales),Coahuila,PARTIDO DIGITAL MX
35,2025-11-13T12:33:19.852035,Masculino,26–35 (adultos jóvenes con interés político),Soltero(a),Universidad,Primera vez que voto,Medio ambiente y sustentabilidad,Empatía con la ciudadanía,"Nunca he votado, soy nuevo votante",PRESIDENCIA DE LA REPÚBLICA,Mayor inversión en ciencia y tecnología,Prevención y educación en comunidades,Cuidado del medio ambiente,YouTube,No tengo mucho conocimiento político,Progresista (enfocado en cambio social),Chihuahua,PARTIDO DIGITAL MX
36,2025-11-13T12:33:19.852040,Femenino,36–45 (votantes activos con experiencia),Casado(a),Posgrado,Votante experimentado en elecciones federales,Innovación tecnológica,Experiencia política sólida,"Casi siempre voto, estoy bastante involucrado",PRESIDENCIA DE LA REPÚBLICA,Reducción de impuestos para incentivar inversión,Más tecnología y vigilancia inteligente,Derechos digitales y privacidad,Periódicos digitales y portales de noticias,Sigo noticias políticas con frecuencia,Liberal (libertades individuales y económicas),Veracruz,PARTIDO DIGITAL MX
37,2025-11-13T12:33:19.852045,Otro / Prefiero no decirlo,18–25 (jóvenes votantes primerizos),Unión libre,Secundaria,Nunca he votado pero estoy interesado,Innovación tecnológica,Carisma y liderazgo,"Nunca he votado, soy nuevo votante",PRESIDENCIA DE LA REPÚBLICA,Fomento al emprendimiento privado y nuevas empresas,Prevención y educación en comunidades,Derechos digitales y privacidad,TikTok,No tengo mucho conocimiento político,Progresista (enfocado en cambio social),Puebla,PARTIDO DIGITAL MX
38,2025-11-13T12:33:19.852050,Femenino,46–60 (seguimiento político frecuente),Divorciado(a),Preparatoria / Bachillerato,Votante frecuente en elecciones locales,Ciencia y tecnología,Empatía con la ciudadanía,"Casi siempre voto, estoy bastante involucrado",PRESIDENCIA DE LA REPÚBLICA,Mayor inversión en ciencia y tecnología,Mano dura contra la delincuencia,Innovación tecnológica,Debates o foros políticos en línea,Sigo noticias políticas con frecuencia,Moderada (centro político),Sinaloa,PARTIDO DIGITAL MX
39,2025-11-13T12:33:19.852055,Masculino,60+ (votantes experimentados de larga trayectoria),Casado(a),Secundaria,Votante experimentado en elecciones federales,Economía y empleo,Honestidad ante todo,"Siempre voto, soy un votante experimentado y activo",PRESIDENCIA DE LA REPÚBLICA,Regulación estatal estricta para controlar precios,Mano dura contra la delincuencia,Infraestructura digital,Televisión abierta,He participado en campañas o debates políticos,Conservadora (valores tradicionales),Hidalgo,PARTIDO DIGITAL MX
40,2025-11-13T12:33:19.852001,Femenino,46–60 (seguimiento político frecuente),Casado(a),Universidad,Votante frecuente en elecciones locales,Salud y bienestar,Honestidad ante todo,"Casi siempre voto, estoy bastante involucrado",PRESIDENCIA DE LA REPÚBLICA,Mayor gasto social y apoyo a programas públicos,Prevención y educación en comunidades,Protección a las mujeres y familias,Televisión abierta,Sigo noticias políticas con frecuencia,Progresista (enfocado en cambio social),Veracruz,MORENA
41,2025-11-13T12:33:19.852005,Masculino,26–35 (adultos jóvenes con interés político),Soltero(a),Universidad,He votado pocas veces,Economía y empleo,Experiencia política sólida,"Voto a veces, tengo interés moderado",PRESIDENCIA DE LA REPÚBLICA,Regulación estatal estricta para controlar precios,Mano dura contra la delincuencia,Infraestructura y transporte,Redes sociales (TikTok, Facebook, Instagram),No tengo mucho conocimiento político,Moderada (centro político),Jalisco,MORENA
42,2025-11-13T12:33:19.852009,Femenino,18–25 (jóvenes votantes primerizos),Soltero(a),Preparatoria / Bachillerato,Nunca he votado pero estoy interesado,Equidad de género,Carisma y liderazgo,"Nunca he votado, soy nuevo votante",PRESIDENCIA DE LA REPÚBLICA,Mayor inversión en ciencia y tecnología,Prevención y educación en comunidades,Igualdad de género y derechos humanos,TikTok,No tengo mucho conocimiento político,Progresista (enfocado en cambio social),Ciudad de México,MORENA
43,2025-11-13T12:33:19.852012,Otro / Prefiero no decirlo,36–45 (votantes activos con experiencia),Unión libre,Secundaria,Votante experimentado en elecciones federales,Corrupción y transparencia gubernamental,Experiencia política sólida,"Siempre voto, soy un votante experimentado y activo",PRESIDENCIA DE LA REPÚBLICA,Reducción de impuestos para incentivar inversión,Más tecnología y vigilancia inteligente,Derechos digitales y privacidad,Periódicos digitales y portales de noticias,Sigo noticias políticas con frecuencia,Moderada (centro político),Hidalgo,MORENA
44,2025-11-13T12:33:19.852018,Masculino,60+ (votantes experimentados de larga trayectoria),Viudo(a),Primaria,Votante frecuente en elecciones locales,Seguridad y justicia,Honestidad ante todo,"Siempre voto, soy un votante experimentado y activo",PRESIDENCIA DE LA REPÚBLICA,Fomento al emprendimiento privado y nuevas empresas,Mano dura contra la delincuencia,Protección a las mujeres y familias,Radio,He participado en campañas o debates políticos,Conservadora (valores tradicionales),Chiapas,MORENA
45,2025-11-13T12:33:19.852020,Femenino,26–35 (adultos jóvenes con interés político),Casado(a),Posgrado,He votado pocas veces,Innovación tecnológica,Carisma y liderazgo,"Voto a veces, tengo interés moderado",PRESIDENCIA DE LA REPÚBLICA,Mayor inversión en ciencia y tecnología,Inteligencia policial y análisis de datos,Innovación tecnológica,Debates o foros políticos en línea,Sigo noticias políticas con frecuencia,Liberal (libertades individuales y económicas),Estado de México,MORENA
46,2025-11-13T12:33:19.852025,Masculino,18–25 (jóvenes votantes primerizos),Soltero(a),Secundaria,Nunca he votado pero estoy interesado,Economía y empleo,Empatía con la ciudadanía,"Nunca he votado, soy nuevo votante",PRESIDENCIA DE LA REPÚBLICA,Regulación estatal estricta para controlar precios,Prevención y educación en comunidades,Impulso a pequeñas empresas,TikTok,No tengo mucho conocimiento político,Progresista (enfocado en cambio social),Puebla,MORENA
47,2025-11-13T12:33:19.852028,Femenino,46–60 (seguimiento político frecuente),Casado(a),Preparatoria / Bachillerato,Votante experimentado en elecciones federales,Medio ambiente y sustentabilidad,Carisma y liderazgo,"Casi siempre voto, estoy bastante involucrado",PRESIDENCIA DE LA REPÚBLICA,Cuidado del medio ambiente,Más tecnología y vigilancia inteligente,Igualdad de género y derechos humanos,Periódicos digitales y portales de noticias,Sigo noticias políticas con frecuencia,Progresista (enfocado en cambio social),Oaxaca,MORENA
48,2025-11-13T12:33:19.852030,Masculino,36–45 (votantes activos con experiencia),Divorciado(a),Universidad,Votante experimentado en elecciones federales,Ciencia y tecnología,Experiencia política sólida,"Siempre voto, soy un votante experimentado y activo",PRESIDENCIA DE LA REPÚBLICA,Mayor inversión en ciencia y tecnología,Inteligencia policial y análisis de datos,Derechos digitales y privacidad,Periódicos digitales y portales de noticias,Sigo noticias políticas con frecuencia,Liberal (libertades individuales y económicas),Tamaulipas,MORENA
49,2025-11-13T12:33:19.852033,Otro / Prefiero no decirlo,60+ (votantes experimentados de larga trayectoria),Casado(a),Primaria,Votante frecuente en elecciones locales,Salud y bienestar,Honestidad ante todo,"Siempre voto, soy un votante experimentado y activo",PRESIDENCIA DE LA REPÚBLICA,Mayor gasto social y apoyo a programas públicos,Reformas profundas al sistema de justicia,Salud pública y servicios médicos,Televisión abierta,He participado en campañas o debates políticos,Conservadora (valores tradicionales),Morelos,MORENA
49,2025-11-13T12:33:19.852401,Femenino,26–35 (adultos jóvenes con interés político),Soltero(a),Universidad,Nunca he votado pero estoy interesado,Medio ambiente y sustentabilidad,Carisma y liderazgo,"Nunca he votado, soy nuevo votante",PRESIDENCIA DE LA REPÚBLICA,Cuidado del medio ambiente,Prevención y educación en comunidades,Igualdad de género y derechos humanos,Redes sociales (TikTok, Facebook, Instagram),No tengo mucho conocimiento político,Progresista (enfocado en cambio social),Jalisco,MOVIMIENTO CIUDADANO
50,2025-11-13T12:33:19.852405,Masculino,36–45 (votantes activos con experiencia),Casado(a),Posgrado,Votante experimentado en elecciones federales,Economía y empleo,Experiencia política sólida,"Siempre voto, soy un votante experimentado y activo",PRESIDENCIA DE LA REPÚBLICA,Reducción de impuestos para incentivar inversión,Mano dura contra la delincuencia,Infraestructura y transporte,Periódicos digitales y portales de noticias,Sigo noticias políticas con frecuencia,Liberal (libertades individuales y económicas),Nuevo León,PARTIDO ACCIÓN NACIONAL
51,2025-11-13T12:33:19.852409,Femenino,46–60 (seguimiento político frecuente),Casado(a),Universidad,He votado pocas veces,Salud y bienestar,Carisma y liderazgo,"Voto a veces, tengo interés moderado",PRESIDENCIA DE LA REPÚBLICA,Mayor gasto social y apoyo a programas públicos,Prevención y educación en comunidades,Protección a las mujeres y familias,Televisión abierta,Sigo noticias políticas con frecuencia,Moderada (centro político),Querétaro,MOVIMIENTO CIUDADANO
52,2025-11-13T12:33:19.852412,Masculino,18–25 (jóvenes votantes primerizos),Soltero(a),Secundaria,Nunca he votado pero estoy interesado,Innovación tecnológica,Experiencia política sólida,"Nunca he votado, soy nuevo votante",PRESIDENCIA DE LA REPÚBLICA,Mayor inversión en ciencia y tecnología,Más tecnología y vigilancia inteligente,Derechos digitales y privacidad,TikTok,No tengo mucho conocimiento político,Liberal (libertades individuales y económicas),Sonora,PARTIDO ACCIÓN NACIONAL
53,2025-11-13T12:33:19.852416,Femenino,60+ (votantes experimentados de larga trayectoria),Viudo(a),Primaria,Votante frecuente en elecciones locales,Seguridad y justicia,Honestidad ante todo,"Siempre voto, soy un votante experimentado y activo",PRESIDENCIA DE LA REPÚBLICA,Fomento al emprendimiento privado y nuevas empresas,Mano dura contra la delincuencia,Protección a las mujeres y familias,Radio,He participado en campañas o debates políticos,Conservadora (valores tradicionales),Guanajuato,PARTIDO ACCIÓN NACIONAL
54,2025-11-13T12:33:19.852420,Otro / Prefiero no decirlo,26–35 (adultos jóvenes con interés político),Unión libre,Universidad,Nunca he votado pero estoy interesado,Equidad de género,Carisma y liderazgo,"Nunca he votado, soy nuevo votante",PRESIDENCIA DE LA REPÚBLICA,Cuidado del medio ambiente,Prevención y educación en comunidades,Igualdad de género y derechos humanos,Redes sociales (TikTok, Facebook, Instagram),No tengo mucho conocimiento político,Progresista (enfocado en cambio social),Veracruz,MOVIMIENTO CIUDADANO
55,2025-11-13T12:33:19.852424,Masculino,46–60 (seguimiento político frecuente),Casado(a),Preparatoria / Bachillerato,Votante experimentado en elecciones federales,Corrupción y transparencia gubernamental,Experiencia política sólida,"Casi siempre voto, estoy bastante involucrado",PRESIDENCIA DE LA REPÚBLICA,Reducción de impuestos para incentivar inversión,Inteligencia policial y análisis de datos,Infraestructura y transporte,Periódicos digitales y portales de noticias,Sigo noticias políticas con frecuencia,Liberal (libertades individuales y económicas),Chihuahua,PARTIDO ACCIÓN NACIONAL
56,2025-11-13T12:33:19.852428,Femenino,18–25 (jóvenes votantes primerizos),Soltero(a),Preparatoria / Bachillerato,Nunca he votado pero estoy interesado,Medio ambiente y sustentabilidad,Carisma y liderazgo,"Nunca he votado, soy nuevo votante",PRESIDENCIA DE LA REPÚBLICA,Fomento al emprendimiento privado y nuevas empresas,Prevención y educación en comunidades,Cuidado del medio ambiente,TikTok,No tengo mucho conocimiento político,Progresista (enfocado en cambio social),Nayarit,MOVIMIENTO CIUDADANO
57,2025-11-13T12:33:19.852431,Masculino,26–35 (adultos jóvenes con interés político),Soltero(a),Universidad,He votado pocas veces,Ciencia y tecnología,Experiencia política sólida,"Voto a veces, tengo interés moderado",PRESIDENCIA DE LA REPÚBLICA,Mayor inversión en ciencia y tecnología,Mano dura contra la delincuencia,Derechos digitales y privacidad,Debates o foros políticos en línea,Sigo noticias políticas con frecuencia,Liberal (libertades individuales y económicas),Aguascalientes,PARTIDO ACCIÓN NACIONAL
58,2025-11-13T12:33:19.852435,Femenino,36–45 (votantes activos con experiencia),Divorciado(a),Universidad,Votante experimentado en elecciones federales,Salud y bienestar,Empatía con la ciudadanía,"Siempre voto, soy un votante experimentado y activo",PRESIDENCIA DE LA REPÚBLICA,Mayor gasto social y apoyo a programas públicos,Prevención y educación en comunidades,Protección a las mujeres y familias,Periódicos digitales y portales de noticias,Sigo noticias políticas con frecuencia,Moderada (centro político),Colima,MOVIMIENTO CIUDADANO
59,2025-11-13T12:33:19.852438,Otro / Prefiero no decirlo,60+ (votantes experimentados de larga trayectoria),Casado(a),Primaria,Votante frecuente en elecciones locales,Economía y empleo,Honestidad ante todo,"Siempre voto, soy un votante experimentado y activo",PRESIDENCIA DE LA REPÚBLICA,Reducción de impuestos para incentivar inversión,Mano dura contra la delincuencia,Impulso a pequeñas empresas,Televisión abierta,He participado en campañas o debates políticos,Conservadora (valores tradicionales),Durango,PARTIDO ACCIÓN NACIONAL
60,2025-11-13T12:33:19.852442,Masculino,46–60 (seguimiento político frecuente),Casado(a),Posgrado,Votante experimentado en elecciones federales,Ciencia y tecnología,Experiencia política sólida,"Casi siempre voto, estoy bastante involucrado",PRESIDENCIA DE LA REPÚBLICA,Mayor inversión en ciencia y tecnología,Inteligencia policial y análisis de datos,Innovación tecnológica,Periódicos digitales y portales de noticias,Sigo noticias políticas con frecuencia,Liberal (libertades individuales y económicas),Baja California,MOVIMIENTO CIUDADANO
61,2025-11-13T12:33:19.852445,Femenino,26–35 (adultos jóvenes con interés político),Unión libre,Secundaria,He votado pocas veces,Seguridad y justicia,Carisma y liderazgo,"Voto a veces, tengo interés moderado",PRESIDENCIA DE LA REPÚBLICA,Regulación estatal estricta para controlar precios,Mano dura contra la delincuencia,Protección a las mujeres y familias,Redes sociales (TikTok, Facebook, Instagram),No tengo mucho conocimiento político,Moderada (centro político),Tamaulipas,PARTIDO ACCIÓN NACIONAL
62,2025-11-13T12:33:19.852449,Masculino,18–25 (jóvenes votantes primerizos),Soltero(a),Secundaria,Nunca he votado pero estoy interesado,Medio ambiente y sustentabilidad,Empatía con la ciudadanía,"Nunca he votado, soy nuevo votante",PRESIDENCIA DE LA REPÚBLICA,Cuidado del medio ambiente,Prevención y educación en comunidades,Igualdad de género y derechos humanos,TikTok,No tengo mucho conocimiento político,Progresista (enfocado en cambio social),Morelos,MOVIMIENTO CIUDADANO
63,2025-11-13T12:33:19.852452,Femenino,60+ (votantes experimentados de larga trayectoria),Casado(a),Primaria,Votante frecuente en elecciones locales,Salud y bienestar,Honestidad ante todo,"Siempre voto, soy un votante experimentado y activo",PRESIDENCIA DE LA REPÚBLICA,Mayor gasto social y apoyo a programas públicos,Reformas profundas al sistema de justicia,Salud pública y servicios médicos,Radio,He participado en campañas o debates políticos,Conservadora (valores tradicionales),Jalisco,PARTIDO ACCIÓN NACIONAL
64,2025-11-13T12:33:19.852456,Masculino,26–35 (adultos jóvenes con interés político),Casado(a),Preparatoria / Bachillerato,He votado pocas veces,Economía y empleo,Carisma y liderazgo,"Voto a veces, tengo interés moderado",PRESIDENCIA DE LA REPÚBLICA,Fomento al emprendimiento privado y nuevas empresas,Prevención y educación en comunidades,Impulso a pequeñas empresas,Periódicos digitales y portales de noticias,Sigo noticias políticas con frecuencia,Liberal (libertades individuales y económicas),Yucatán,MOVIMIENTO CIUDADANO
65,2025-11-13T12:33:19.852459,Femenino,46–60 (seguimiento político frecuente),Viudo(a),Universidad,Votante experimentado en elecciones federales,Ciencia y tecnología,Experiencia política sólida,"Siempre voto, soy un votante experimentado y activo",PRESIDENCIA DE LA REPÚBLICA,Mayor inversión en ciencia y tecnología,Mano dura contra la delincuencia,Derechos digitales y privacidad,Debates o foros políticos en línea,Sigo noticias políticas con frecuencia,Liberal (libertades individuales y económicas),Tlaxcala,PARTIDO ACCIÓN NACIONAL
66,2025-11-13T12:33:19.852463,Masculino,36–45 (votantes activos con experiencia),Divorciado(a),Universidad,Votante experimentado en elecciones federales,Seguridad y justicia,Honestidad ante todo,"Siempre voto, soy un votante experimentado y activo",PRESIDENCIA DE LA REPÚBLICA,Reducción de impuestos para incentivar inversión,Inteligencia policial y análisis de datos,Protección a las mujeres y familias,Periódicos digitales y portales de noticias,Sigo noticias políticas con frecuencia,Conservadora (valores tradicionales),San Luis Potosí,PARTIDO ACCIÓN NACIONAL
67,2025-11-13T12:33:19.852466,Femenino,18–25 (jóvenes votantes primerizos),Soltero(a),Preparatoria / Bachillerato,Nunca he votado pero estoy interesado,Equidad de género,Carisma y liderazgo,"Nunca he votado, soy nuevo votante",PRESIDENCIA DE LA REPÚBLICA,Cuidado del medio ambiente,Prevención y educación en comunidades,Igualdad de género y derechos humanos,TikTok,No tengo mucho conocimiento político,Progresista (enfocado en cambio social),Guerrero,MOVIMIENTO CIUDADANO
68,2025-11-13T12:33:19.852469,Masculino,60+ (votantes experimentados de larga trayectoria),Casado(a),Primaria,Votante frecuente en elecciones locales,Economía y empleo,Honestidad ante todo,"Siempre voto, soy un votante experimentado y activo",PRESIDENCIA DE LA REPÚBLICA,Regulación estatal estricta para controlar precios,Mano dura contra la delincuencia,Impulso a pequeñas empresas,Televisión abierta,He participado en campañas o debates políticos,Conservadora (valores tradicionales),Coahuila,PARTIDO ACCIÓN NACIONAL
70,2025-11-13T12:33:19.852700,Masculino,18–25 (jóvenes votantes primerizos),Soltero(a),Secundaria,Nunca he votado pero estoy interesado,Economía y empleo,Carisma y liderazgo,"Nunca he votado, soy nuevo votante",PRESIDENCIA DE LA REPÚBLICA,Fomento al emprendimiento privado y nuevas empresas,Prevención y educación en comunidades,Igualdad de género y derechos humanos,Redes sociales (TikTok, Facebook, Instagram),No tengo mucho conocimiento político,Liberal (libertades individuales y económicas),Guerrero,PARTIDO DEL TRABAJO
71,2025-11-13T12:33:19.852705,Femenino,26–35 (adultos jóvenes con interés político),Casado(a),Universidad,He votado pocas veces,Salud y bienestar,Honestidad ante todo,"Voto a veces, tengo interés moderado",PRESIDENCIA DE LA REPÚBLICA,Reducción de impuestos para incentivar inversión,Más tecnología y vigilancia inteligente,Derechos digitales y privacidad,Periódicos digitales y portales de noticias,Sigo noticias políticas con frecuencia,Liberal (libertades individuales y económicas),Puebla,PARTIDO DEL TRABAJO
72,2025-11-13T12:33:19.852710,Otro / Prefiero no decirlo,36–45 (votantes activos con experiencia),Unión libre,Posgrado,Votante experimentado en elecciones federales,Corrupción y transparencia gubernamental,Experiencia política sólida,"Casi siempre voto, estoy bastante involucrado",PRESIDENCIA DE LA REPÚBLICA,Fomento al emprendimiento privado y nuevas empresas,Inteligencia policial y análisis de datos,Innovación tecnológica,Debates o foros políticos en línea,Sigo noticias políticas con frecuencia,Liberal (libertades individuales y económicas),Michoacán,PARTIDO DEL TRABAJO
73,2025-11-13T12:33:19.852715,Masculino,46–60 (seguimiento político frecuente),Divorciado(a),Universidad,Votante experimentado en elecciones federales,Seguridad y justicia,Experiencia política sólida,"Siempre voto, soy un votante experimentado y activo",PRESIDENCIA DE LA REPÚBLICA,Reducción de impuestos para incentivar inversión,Mano dura contra la delincuencia,Protección a las mujeres y familias,Televisión abierta,He participado en campañas o debates políticos,Liberal (libertades individuales y económicas),Coahuila,PARTIDO DEL TRABAJO
74,2025-11-13T12:33:19.852720,Femenino,60+ (votantes experimentados de larga trayectoria),Viudo(a),Primaria,Votante frecuente en elecciones locales,Salud y bienestar,Honestidad ante todo,"Siempre voto, soy un votante experimentado y activo",PRESIDENCIA DE LA REPÚBLICA,Mayor gasto social y apoyo a programas públicos,Prevención y educación en comunidades,Salud pública y servicios médicos,Radio,No tengo mucho conocimiento político,Liberal (libertades individuales y económicas),Campeche,PARTIDO DEL TRABAJO
75,2025-11-13T12:33:19.852725,Femenino,18–25 (jóvenes votantes primerizos),Unión libre,Preparatoria / Bachillerato,Primera vez que voto,Equidad de género,Empatía con la ciudadanía,"Nunca he votado, soy nuevo votante",PRESIDENCIA DE LA REPÚBLICA,Regulación estatal estricta para controlar precios,Más tecnología y vigilancia inteligente,Igualdad de género y derechos humanos,TikTok,No tengo mucho conocimiento político,Liberal (libertades individuales y económicas),Hidalgo,PARTIDO DEL TRABAJO
76,2025-11-13T12:33:19.852730,Masculino,26–35 (adultos jóvenes con interés político),Soltero(a),Posgrado,He votado pocas veces,Ciencia y tecnología,Carisma y liderazgo,"Voto a veces, tengo interés moderado",PRESIDENCIA DE LA REPÚBLICA,Mayor inversión en ciencia y tecnología,Prevención y educación en comunidades,Derechos digitales y privacidad,Periódicos digitales y portales de noticias,Sigo noticias políticas con frecuencia,Liberal (libertades individuales y económicas),Chihuahua,PARTIDO DEL TRABAJO
77,2025-11-13T12:33:19.852735,Otro / Prefiero no decirlo,60+ (votantes experimentados de larga trayectoria),Casado(a),Secundaria,Votante experimentado en elecciones federales,Economía y empleo,Experiencia política sólida,"Siempre voto, soy un votante experimentado y activo",PRESIDENCIA DE LA REPÚBLICA,Reducción de impuestos para incentivar inversión,Mano dura contra la delincuencia,Impulso a pequeñas empresas,Televisión abierta,He participado en campañas o debates políticos,Liberal (libertades individuales y económicas),Durango,PARTIDO DEL TRABAJO
78,2025-11-13T12:33:19.852740,Femenino,46–60 (seguimiento político frecuente),Casado(a),Universidad,Votante experimentado en elecciones federales,Medio ambiente y sustentabilidad,Empatía con la ciudadanía,"Casi siempre voto, estoy bastante involucrado",PRESIDENCIA DE LA REPÚBLICA,Fomento al emprendimiento privado y nuevas empresas,Inteligencia policial y análisis de datos,Cuidado del medio ambiente,Debates o foros políticos en línea,Sigo noticias políticas con frecuencia,Liberal (libertades individuales y económicas),Tlaxcala,PARTIDO DEL TRABAJO
79,2025-11-13T12:33:19.852745,Masculino,36–45 (votantes activos con experiencia),Soltero(a),Preparatoria / Bachillerato,Votante activo en elecciones locales,Innovación tecnológica,Carisma y liderazgo,"Siempre voto, soy un votante experimentado y activo",PRESIDENCIA DE LA REPÚBLICA,Mayor inversión en ciencia y tecnología,Más tecnología y vigilancia inteligente,Derechos digitales y privacidad,Redes sociales (TikTok, Facebook, Instagram),Sigo noticias políticas con frecuencia,Liberal (libertades individuales y económicas),Morelos,PARTIDO DEL TRABAJO
80,2025-11-13T12:33:19.852750,Femenino,26–35 (adultos jóvenes con interés político),Soltero(a),Universidad,Nunca he votado pero estoy interesado,Salud y bienestar,Carisma y liderazgo,"Nunca he votado, soy nuevo votante",PRESIDENCIA DE LA REPÚBLICA,Fomento al emprendimiento privado y nuevas empresas,Prevención y educación en comunidades,Salud pública y servicios médicos,TikTok,No tengo mucho conocimiento político,Liberal (libertades individuales y económicas),Aguascalientes,PARTIDO DEL TRABAJO
81,2025-11-13T12:33:19.852755,Masculino,18–25 (jóvenes votantes primerizos),Soltero(a),Secundaria,Primera vez que voto,Corrupción y transparencia gubernamental,Empatía con la ciudadanía,"Nunca he votado, soy nuevo votante",PRESIDENCIA DE LA REPÚBLICA,Regulación estatal estricta para controlar precios,Reformas profundas al sistema de justicia,Innovación tecnológica,Redes sociales (TikTok, Facebook, Instagram),No tengo mucho conocimiento político,Liberal (libertades individuales y económicas),Sonora,PARTIDO DEL TRABAJO
82,2025-11-13T12:33:19.852760,Femenino,36–45 (votantes activos con experiencia),Divorciado(a),Universidad,Votante experimentado en elecciones federales,Economía y empleo,Experiencia política sólida,"Casi siempre voto, estoy bastante involucrado",PRESIDENCIA DE LA REPÚBLICA,Reducción de impuestos para incentivar inversión,Inteligencia policial y análisis de datos,Impulso a pequeñas empresas,Periódicos digitales y portales de noticias,Sigo noticias políticas con frecuencia,Liberal (libertades individuales y económicas),Zacatecas,PARTIDO DEL TRABAJO
83,2025-11-13T12:33:19.852765,Otro / Prefiero no decirlo,46–60 (seguimiento político frecuente),Viudo(a),Primaria,Votante frecuente en elecciones locales,Seguridad y justicia,Honestidad ante todo,"Siempre voto, soy un votante experimentado y activo",PRESIDENCIA DE LA REPÚBLICA,Mayor gasto social y apoyo a programas públicos,Mano dura contra la delincuencia,Protección a las mujeres y familias,Televisión abierta,No tengo mucho conocimiento político,Liberal (libertades individuales y económicas),San Luis Potosí,PARTIDO DEL TRABAJO
84,2025-11-13T12:33:19.852770,Masculino,60+ (votantes experimentados de larga trayectoria),Casado(a),Preparatoria / Bachillerato,Votante experimentado en elecciones federales,Medio ambiente y sustentabilidad,Experiencia política sólida,"Siempre voto, soy un votante experimentado y activo",PRESIDENCIA DE LA REPÚBLICA,Fomento al emprendimiento privado y nuevas empresas,Prevención y educación en comunidades,Cuidado del medio ambiente,Radio,He participado en campañas o debates políticos,Liberal (libertades individuales y económicas),Sinaloa,PARTIDO DEL TRABAJO
85,2025-11-13T12:33:19.852775,Femenino,26–35 (adultos jóvenes con interés político),Soltero(a),Posgrado,He votado pocas veces,Ciencia y tecnología,Carisma y liderazgo,"Voto a veces, tengo interés moderado",PRESIDENCIA DE LA REPÚBLICA,Mayor inversión en ciencia y tecnología,Más tecnología y vigilancia inteligente,Innovación tecnológica,Debates o foros políticos en línea,Sigo noticias políticas con frecuencia,Liberal (libertades individuales y económicas),Tamaulipas,PARTIDO DEL TRABAJO
86,2025-11-13T12:33:19.852780,Masculino,36–45 (votantes activos con experiencia),Unión libre,Universidad,Votante experimentado en elecciones federales,Corrupción y transparencia gubernamental,Honestidad ante todo,"Casi siempre voto, estoy bastante involucrado",PRESIDENCIA DE LA REPÚBLICA,Reducción de impuestos para incentivar inversión,Reformas profundas al sistema de justicia,Derechos digitales y privacidad,Periódicos digitales y portales de noticias,Sigo noticias políticas con frecuencia,Liberal (libertades individuales y económicas),Jalisco,PARTIDO DEL TRABAJO
87,2025-11-13T12:33:19.852785,Femenino,18–25 (jóvenes votantes primerizos),Casado(a),Secundaria,Nunca he votado pero estoy interesado,Economía y empleo,Empatía con la ciudadanía,"Nunca he votado, soy nuevo votante",PRESIDENCIA DE LA REPÚBLICA,Fomento al emprendimiento privado y nuevas empresas,Más tecnología y vigilancia inteligente,Impulso a pequeñas empresas,TikTok,No tengo mucho conocimiento político,Liberal (libertades individuales y económicas),Baja California Sur,PARTIDO DEL TRABAJO
88,2025-11-13T12:33:19.852790,Masculino,46–60 (seguimiento político frecuente),Divorciado(a),Secundaria,Votante experimentado en elecciones federales,Seguridad y justicia,Experiencia política sólida,"Siempre voto, soy un votante experimentado y activo",PRESIDENCIA DE LA REPÚBLICA,Reducción de impuestos para incentivar inversión,Mano dura contra la delincuencia,Protección a las mujeres y familias,Televisión abierta,Sigo noticias políticas con frecuencia,Liberal (libertades individuales y económicas),Querétaro,PARTIDO DEL TRABAJO
89,2025-11-13T12:33:19.852795,Femenino,60+ (votantes experimentados de larga trayectoria),Casado(a),Primaria,Votante frecuente en elecciones locales,Salud y bienestar,Honestidad ante todo,"Siempre voto, soy un votante experimentado y activo",PRESIDENCIA DE LA REPÚBLICA,Mayor gasto social y apoyo a programas públicos,Prevención y educación en comunidades,Salud pública y servicios médicos,Radio,No tengo mucho conocimiento político,Liberal (libertades individuales y económicas),Yucatán,PARTIDO DEL TRABAJO
